{
  "params": {
    "THETA": 0.35,
    "RHO_C": 0.5,
    "LAM_E": 1.35,
    "RHO_CL": 0.75,
    "EPS_C": 0.55,
    "EPS_E": 0.1,
    "SEGS": [
      [
        0,
        50,
        "C1"
      ],
      [
        50,
        100,
        "E"
      ],
      [
        100,
        150,
        "C2"
      ]
    ],
    "T": 150,
    "TOL": 0.3,
    "SIGMA_A": 0.005,
    "SIGMA_ETA": 0.01,
    "SIGMA_X0": 0.03,
    "JIT_SCALE": 0.05,
    "JIT_PHASE": 0.1,
    "K_SET": [
      1,
      2,
      3,
      4,
      6,
      8,
      12,
      16
    ]
  },
  "sweep_contracting_k(kE=1)": {
    "1": 0.0,
    "2": 0.0,
    "3": 0.0,
    "4": 0.1955,
    "6": 0.9995,
    "8": 1.0,
    "12": 1.0,
    "16": 1.0
  },
  "sweep_expansive_k(kC=8)": {
    "1": 1.0,
    "2": 1.0,
    "3": 1.0,
    "4": 1.0,
    "6": 0.064,
    "8": 0.0,
    "12": 0.0,
    "16": 0.0
  },
  "heatmap_success": [
    [
      0.0,
      0.0,
      0.0,
      0.0,
      0.0,
      0.0,
      0.0,
      0.0
    ],
    [
      0.0,
      0.0,
      0.0,
      0.0,
      0.0,
      0.0,
      0.0,
      0.0
    ],
    [
      0.0005,
      0.0,
      0.0,
      0.0,
      0.0,
      0.0,
      0.0,
      0.0
    ],
    [
      0.188,
      0.152,
      0.119,
      0.028,
      0.0,
      0.0,
      0.0,
      0.0
    ],
    [
      0.9995,
      1.0,
      1.0,
      0.9835,
      0.031,
      0.0,
      0.0,
      0.0
    ],
    [
      1.0,
      1.0,
      1.0,
      1.0,
      0.079,
      0.0005,
      0.0,
      0.0
    ],
    [
      1.0,
      1.0,
      1.0,
      1.0,
      0.069,
      0.0,
      0.0,
      0.0
    ],
    [
      1.0,
      1.0,
      1.0,
      1.0,
      0.0605,
      0.0005,
      0.0,
      0.0
    ]
  ],
  "constant_k_diagonal": {
    "1": 0.0,
    "2": 0.0,
    "3": 0.0,
    "4": 0.028,
    "6": 0.031,
    "8": 0.0005,
    "12": 0.0,
    "16": 0.0
  },
  "best_constant_k": 6,
  "best_constant_k_success": 0.031,
  "best_adaptive": {
    "k_contracting": 6,
    "k_expansive": 2,
    "success": 1.0
  },
  "ftle_recovery": {
    "C1": {
      "lambda_ol_measured": -0.6931471805599451,
      "lambda_ol_true": -0.6931471805599453,
      "lambda_cl_measured": 0.26318597697965723,
      "lambda_cl_true(k=1 learned loop)": 0.26236426446749106
    },
    "E": {
      "lambda_ol_measured": 0.3001045924503383,
      "lambda_ol_true": 0.30010459245033816,
      "lambda_cl_measured": -0.10163445352509416,
      "lambda_cl_true(k=1 learned loop)": -0.16251892949777508
    },
    "C2": {
      "lambda_ol_measured": -0.6931471805599453,
      "lambda_ol_true": -0.6931471805599453,
      "lambda_cl_measured": 0.26927530151509677,
      "lambda_cl_true(k=1 learned loop)": 0.26236426446749106
    }
  },
  "analytic_notes": {
    "k_star_contracting_pred": "3-4 (|G_k|<1 first at k=3..4)",
    "ceiling_expansive_pred": "~1/log(LAM_E) = 3.3"
  }
}