{
  "params": {
    "THETA": 0.35,
    "RHO_C": 0.5,
    "LAM_E": 1.12,
    "RHO_CL": 0.75,
    "EPS_C": 0.35,
    "EPS_E": 0.1,
    "SEGS": [
      [
        0,
        50,
        "C1"
      ],
      [
        50,
        100,
        "E"
      ],
      [
        100,
        150,
        "C2"
      ]
    ],
    "T": 150,
    "TOL": 0.3,
    "SIGMA_A": 0.005,
    "SIGMA_ETA": 0.01,
    "SIGMA_X0": 0.03,
    "JIT_SCALE": 0.05,
    "JIT_PHASE": 0.1,
    "K_SET": [
      1,
      2,
      3,
      4,
      6,
      8,
      12,
      16
    ]
  },
  "sweep_contracting_k(kE=1)": {
    "1": 0.0,
    "2": 0.713,
    "3": 1.0,
    "4": 1.0,
    "6": 1.0,
    "8": 1.0,
    "12": 1.0,
    "16": 1.0
  },
  "sweep_expansive_k(kC=8)": {
    "1": 1.0,
    "2": 1.0,
    "3": 1.0,
    "4": 1.0,
    "6": 1.0,
    "8": 1.0,
    "12": 0.991,
    "16": 0.847
  },
  "heatmap_success": [
    [
      0.0015,
      0.0,
      0.0,
      0.0,
      0.0,
      0.0,
      0.0,
      0.0
    ],
    [
      0.714,
      0.691,
      0.696,
      0.6455,
      0.542,
      0.2085,
      0.0445,
      0.025
    ],
    [
      1.0,
      1.0,
      1.0,
      1.0,
      1.0,
      1.0,
      0.945,
      0.728
    ],
    [
      1.0,
      1.0,
      1.0,
      1.0,
      1.0,
      1.0,
      0.983,
      0.834
    ],
    [
      1.0,
      1.0,
      1.0,
      1.0,
      1.0,
      1.0,
      0.9885,
      0.8395
    ],
    [
      1.0,
      1.0,
      1.0,
      1.0,
      1.0,
      1.0,
      0.9895,
      0.839
    ],
    [
      1.0,
      1.0,
      1.0,
      1.0,
      1.0,
      1.0,
      0.988,
      0.8465
    ],
    [
      1.0,
      1.0,
      1.0,
      1.0,
      1.0,
      1.0,
      0.99,
      0.8535
    ]
  ],
  "constant_k_diagonal": {
    "1": 0.0015,
    "2": 0.691,
    "3": 1.0,
    "4": 1.0,
    "6": 1.0,
    "8": 1.0,
    "12": 0.988,
    "16": 0.8535
  },
  "best_constant_k": 3,
  "best_constant_k_success": 1.0,
  "best_adaptive": {
    "k_contracting": 3,
    "k_expansive": 1,
    "success": 1.0
  },
  "ftle_recovery": {
    "C1": {
      "lambda_ol_measured": -0.6931471805599451,
      "lambda_ol_true": -0.6931471805599453,
      "lambda_cl_measured": 0.09615929907514788,
      "lambda_cl_true(k=1 learned loop)": 0.09531017980432474
    },
    "E": {
      "lambda_ol_measured": 0.11332868530700341,
      "lambda_ol_true": 0.11332868530700327,
      "lambda_cl_measured": -0.10163445352509416,
      "lambda_cl_true(k=1 learned loop)": -0.16251892949777508
    },
    "C2": {
      "lambda_ol_measured": -0.6931471805599453,
      "lambda_ol_true": -0.6931471805599453,
      "lambda_cl_measured": 0.10196691052853656,
      "lambda_cl_true(k=1 learned loop)": 0.09531017980432474
    }
  },
  "analytic_notes": {
    "k_star_contracting_pred": "3-4 (|G_k|<1 first at k=3..4)",
    "ceiling_expansive_pred": "~1/log(LAM_E) = 8.8"
  }
}